"year","country","deaths"
1989,"Afghanistan","5411"
1989,"Angola","2873"
1989,"Bangladesh","81"
1989,"Cambodia (Kampuchea)","814"
1989,"Chad","50"
1989,"China","2600"
1989,"Colombia","384"
1989,"Comoros","29"
1989,"Djibouti","6"
1989,"DR Congo (Zaire)","28"
1989,"El Salvador","4924"
1989,"Ethiopia","25385"
1989,"Germany","3"
1989,"Guatemala","491"
1989,"Haiti","48"
1989,"India","1852"
1989,"Indonesia","7"
1989,"Iraq","50"
1989,"Israel","93"
1989,"Jamaica","1"
1989,"Kenya","63"
1989,"Kingdom of eSwatini (Swaziland)","2"
1989,"Laos","30"
1989,"Lebanon","1097"
1989,"Liberia","45"
1989,"Mauritania","128"
1989,"Mexico","3"
1989,"Morocco","207"
1989,"Mozambique","1552"
1989,"Myanmar (Burma)","1534"
1989,"Nicaragua","526"
1989,"Niger","170"
1989,"Pakistan","114"
1989,"Panama","920"
1989,"Papua New Guinea","14"
1989,"Paraguay","150"
1989,"Peru","1945"
1989,"Philippines","984"
1989,"Romania","448"
1989,"Russia (Soviet Union)","160"
1989,"Senegal","121"
1989,"Somalia","1061"
1989,"South Africa","645"
1989,"Spain","17"
1989,"Sri Lanka","1288"
1989,"Sudan","7533"
1989,"Thailand","6"
1989,"Turkey","538"
1989,"Uganda","1057"
1989,"United Kingdom","41"
1989,"Venezuela","58"
1989,"Zambia","87"
1989,"Zimbabwe (Rhodesia)","37"
1990,"Afghanistan","1514"
1990,"Algeria","1"
1990,"Angola","2609"
1990,"Bangladesh","94"
1990,"Botswana","1"
1990,"Burundi","7"
1990,"Cambodia (Kampuchea)","377"
1990,"Cameroon","6"
1990,"Chad","686"
1990,"China","22"
1990,"Colombia","712"
1990,"Djibouti","60"
1990,"DR Congo (Zaire)","147"
1990,"Egypt","4"
1990,"El Salvador","849"
1990,"Ethiopia","49856"
1990,"Germany","1"
1990,"Guatemala","681"
1990,"Haiti","2"
1990,"India","4801"
1990,"Indonesia","200"
1990,"Iran","31"
1990,"Iraq","117"
1990,"Israel","43"
1990,"Ivory Coast","9"
1990,"Kenya","7"
1990,"Kuwait","1329"
1990,"Laos","255"
1990,"Lebanon","1903"
1990,"Liberia","3729"
1990,"Mali","582"
1990,"Mauritania","29"
1990,"Mexico","4"
1990,"Mozambique","1759"
1990,"Myanmar (Burma)","796"
1990,"Nepal","14"
1990,"Netherlands","2"
1990,"Nicaragua","39"
1990,"Niger","200"
1990,"Nigeria","89"
1990,"Pakistan","386"
1990,"Papua New Guinea","61"
1990,"Peru","1228"
1990,"Philippines","1362"
1990,"Russia (Soviet Union)","393"
1990,"Rwanda","2647"
1990,"Senegal","84"
1990,"Somalia","2700"
1990,"South Africa","1459"
1990,"Spain","19"
1990,"Sri Lanka","4840"
1990,"Sudan","5335"
1990,"Thailand","20"
1990,"Trinidad and Tobago","39"
1990,"Turkey","630"
1990,"Uganda","809"
1990,"United Kingdom","47"
1990,"Venezuela","64"
1990,"Zambia","40"
1990,"Zimbabwe (Rhodesia)","14"
1991,"Afghanistan","3553"
1991,"Algeria","34"
1991,"Angola","516"
1991,"Azerbaijan","35"
1991,"Bangladesh","107"
1991,"Burundi","342"
1991,"Cambodia (Kampuchea)","322"
1991,"Cameroon","50"
1991,"Central African Republic","0"
1991,"Chad","95"
1991,"Colombia","872"
1991,"Djibouti","134"
1991,"DR Congo (Zaire)","32"
1991,"El Salvador","88"
1991,"Ethiopia","12440"
1991,"Georgia","52"
1991,"Ghana","30"
1991,"Guatemala","426"
1991,"Haiti","270"
1991,"India","3724"
1991,"Indonesia","429"
1991,"Iran","44"
1991,"Iraq","24501"
1991,"Israel","47"
1991,"Ivory Coast","0"
1991,"Kenya","17"
1991,"Kuwait","460"
1991,"Lebanon","68"
1991,"Liberia","578"
1991,"Mali","247"
1991,"Morocco","19"
1991,"Mozambique","1961"
1991,"Myanmar (Burma)","1375"
1991,"Nepal","2"
1991,"Niger","40"
1991,"Nigeria","380"
1991,"Pakistan","62"
1991,"Papua New Guinea","29"
1991,"Peru","1350"
1991,"Philippines","1549"
1991,"Russia (Soviet Union)","340"
1991,"Rwanda","1102"
1991,"Saudi Arabia","91"
1991,"Senegal","16"
1991,"Serbia (Yugoslavia)","3295"
1991,"Sierra Leone","1225"
1991,"Somalia","8455"
1991,"South Africa","737"
1991,"Spain","45"
1991,"Sri Lanka","6646"
1991,"Sudan","4566"
1991,"Thailand","2"
1991,"Togo","63"
1991,"Turkey","448"
1991,"Uganda","1018"
1991,"United Kingdom","38"
1991,"Venezuela","30"
1992,"Afghanistan","4385"
1992,"Algeria","274"
1992,"Angola","2352"
1992,"Argentina","0"
1992,"Armenia","85"
1992,"Azerbaijan","2856"
1992,"Bangladesh","225"
1992,"Bosnia-Herzegovina","25171"
1992,"Burundi","61"
1992,"Cambodia (Kampuchea)","193"
1992,"Cameroon","25"
1992,"Central African Republic","3"
1992,"Chad","1190"
1992,"Colombia","1500"
1992,"Congo","2"
1992,"Croatia","142"
1992,"Djibouti","129"
1992,"DR Congo (Zaire)","67"
1992,"Egypt","13"
1992,"El Salvador","4"
1992,"Ethiopia","1026"
1992,"France","0"
1992,"Georgia","775"
1992,"Germany","4"
1992,"Ghana","63"
1992,"Guatemala","393"
1992,"Guinea-Bissau","2"
1992,"India","4163"
1992,"Indonesia","53"
1992,"Iran","4"
1992,"Iraq","846"
1992,"Israel","72"
1992,"Jordan","1"
1992,"Kenya","159"
1992,"Lebanon","132"
1992,"Liberia","453"
1992,"Mali","86"
1992,"Mauritania","0"
1992,"Mexico","16"
1992,"Moldova","585"
1992,"Mozambique","521"
1992,"Myanmar (Burma)","1749"
1992,"Nepal","0"
1992,"Niger","29"
1992,"Nigeria","943"
1992,"Pakistan","72"
1992,"Papua New Guinea","61"
1992,"Peru","1195"
1992,"Philippines","445"
1992,"Russia (Soviet Union)","1"
1992,"Rwanda","647"
1992,"Senegal","135"
1992,"Serbia (Yugoslavia)","1868"
1992,"Sierra Leone","531"
1992,"Solomon Islands","2"
1992,"Somalia","4729"
1992,"South Africa","761"
1992,"Spain","23"
1992,"Sri Lanka","4444"
1992,"Sudan","4314"
1992,"Tajikistan","3859"
1992,"Tanzania","1"
1992,"Thailand","0"
1992,"Togo","5"
1992,"Turkey","1926"
1992,"Uganda","76"
1992,"United Kingdom","39"
1992,"Venezuela","223"
1993,"Afghanistan","4105"
1993,"Algeria","826"
1993,"Angola","12398"
1993,"Armenia","37"
1993,"Azerbaijan","1194"
1993,"Bangladesh","43"
1993,"Bosnia-Herzegovina","13787"
1993,"Brazil","43"
1993,"Burundi","10218"
1993,"Cambodia (Kampuchea)","484"
1993,"Cameroon","47"
1993,"Central African Republic","4"
1993,"Chad","313"
1993,"Colombia","302"
1993,"Congo","135"
1993,"Croatia","373"
1993,"Djibouti","33"
1993,"DR Congo (Zaire)","3337"
1993,"Egypt","108"
1993,"Eritrea","21"
1993,"Ethiopia","133"
1993,"Georgia","1837"
1993,"Ghana","2"
1993,"Guatemala","218"
1993,"Haiti","37"
1993,"India","2326"
1993,"Indonesia","27"
1993,"Iran","153"
1993,"Iraq","368"
1993,"Israel","88"
1993,"Italy","0"
1993,"Ivory Coast","1"
1993,"Kenya","287"
1993,"Laos","3"
1993,"Lebanon","165"
1993,"Liberia","2673"
1993,"Mali","0"
1993,"Mexico","34"
1993,"Mozambique","2"
1993,"Myanmar (Burma)","145"
1993,"Nepal","3"
1993,"Niger","6"
1993,"Nigeria","1185"
1993,"Pakistan","48"
1993,"Papua New Guinea","40"
1993,"Peru","779"
1993,"Philippines","318"
1993,"Russia (Soviet Union)","145"
1993,"Rwanda","977"
1993,"Senegal","285"
1993,"Sierra Leone","642"
1993,"Somalia","483"
1993,"South Africa","895"
1993,"Spain","12"
1993,"Sri Lanka","2084"
1993,"Sudan","6042"
1993,"Tajikistan","1045"
1993,"Thailand","1"
1993,"Togo","48"
1993,"Turkey","2765"
1993,"United Kingdom","47"
1993,"Venezuela","63"
1993,"Zambia","1"
1994,"Afghanistan","9056"
1994,"Algeria","1943"
1994,"Angola","4009"
1994,"Argentina","86"
1994,"Armenia","30"
1994,"Azerbaijan","1489"
1994,"Bangladesh","32"
1994,"Bosnia-Herzegovina","7312"
1994,"Brazil","32"
1994,"Burundi","897"
1994,"Cambodia (Kampuchea)","572"
1994,"Cameroon","102"
1994,"Canada","3"
1994,"Chad","521"
1994,"Colombia","1211"
1994,"Congo","18"
1994,"Djibouti","39"
1994,"DR Congo (Zaire)","332"
1994,"Egypt","162"
1994,"Ethiopia","76"
1994,"Ghana","2004"
1994,"Guatemala","287"
1994,"Guinea","0"
1994,"Haiti","44"
1994,"India","1435"
1994,"Indonesia","12"
1994,"Iran","16"
1994,"Iraq","995"
1994,"Israel","116"
1994,"Ivory Coast","4"
1994,"Jamaica","5"
1994,"Kenya","34"
1994,"Lebanon","144"
1994,"Liberia","4167"
1994,"Mali","729"
1994,"Mexico","153"
1994,"Mozambique","2"
1994,"Myanmar (Burma)","794"
1994,"Namibia","0"
1994,"Nepal","0"
1994,"Niger","50"
1994,"Nigeria","90"
1994,"Pakistan","169"
1994,"Papua New Guinea","26"
1994,"Peru","369"
1994,"Philippines","308"
1994,"Russia (Soviet Union)","485"
1994,"Rwanda","772463"
1994,"Sierra Leone","2097"
1994,"Somalia","626"
1994,"South Africa","532"
1994,"Spain","11"
1994,"Sri Lanka","712"
1994,"Sudan","977"
1994,"Tajikistan","366"
1994,"Thailand","1"
1994,"Turkey","4182"
1994,"Uganda","160"
1994,"United Kingdom","16"
1994,"Venezuela","164"
1994,"Yemen (North Yemen)","1489"
1995,"Afghanistan","5618"
1995,"Algeria","3059"
1995,"Angola","238"
1995,"Armenia","7"
1995,"Azerbaijan","55"
1995,"Bangladesh","14"
1995,"Bosnia-Herzegovina","17265"
1995,"Brazil","51"
1995,"Burundi","2828"
1995,"Cambodia (Kampuchea)","723"
1995,"Canada","24"
1995,"Chad","53"
1995,"Colombia","943"
1995,"Congo","2"
1995,"Croatia","963"
1995,"Djibouti","18"
1995,"DR Congo (Zaire)","526"
1995,"Ecuador","11"
1995,"Egypt","233"
1995,"Ethiopia","1043"
1995,"France","8"
1995,"Georgia","52"
1995,"Ghana","155"
1995,"Guatemala","122"
1995,"Haiti","1"
1995,"India","1079"
1995,"Indonesia","63"
1995,"Iran","17"
1995,"Iraq","1537"
1995,"Israel","78"
1995,"Ivory Coast","37"
1995,"Kenya","60"
1995,"Lebanon","126"
1995,"Liberia","2290"
1995,"Mali","4"
1995,"Malta","0"
1995,"Mexico","22"
1995,"Mozambique","1"
1995,"Myanmar (Burma)","1496"
1995,"Nepal","0"
1995,"Niger","67"
1995,"Nigeria","1"
1995,"Pakistan","127"
1995,"Papua New Guinea","33"
1995,"Peru","274"
1995,"Philippines","188"
1995,"Russia (Soviet Union)","1910"
1995,"Rwanda","4232"
1995,"Senegal","329"
1995,"Serbia (Yugoslavia)","0"
1995,"Sierra Leone","3194"
1995,"Somalia","444"
1995,"South Africa","143"
1995,"Spain","13"
1995,"Sri Lanka","4971"
1995,"Sudan","1494"
1995,"Tajikistan","368"
1995,"Thailand","12"
1995,"Turkey","3650"
1995,"Uganda","537"
1995,"Venezuela","28"
1995,"Zimbabwe (Rhodesia)","4"
1996,"Afghanistan","3595"
1996,"Algeria","1091"
1996,"Angola","32"
1996,"Azerbaijan","5"
1996,"Bangladesh","46"
1996,"Brazil","20"
1996,"Burundi","18184"
1996,"Cambodia (Kampuchea)","846"
1996,"Cameroon","56"
1996,"Canada","2"
1996,"Chad","4"
1996,"Colombia","1401"
1996,"Congo","1"
1996,"Djibouti","0"
1996,"DR Congo (Zaire)","34307"
1996,"Egypt","149"
1996,"Eritrea","14"
1996,"Ethiopia","65"
1996,"France","0"
1996,"Gambia","0"
1996,"Guatemala","20"
1996,"Guinea","27"
1996,"India","1333"
1996,"Indonesia","36"
1996,"Iran","34"
1996,"Iraq","832"
1996,"Israel","132"
1996,"Ivory Coast","35"
1996,"Kenya","170"
1996,"Kuwait","1"
1996,"Lebanon","214"
1996,"Liberia","3077"
1996,"Mexico","43"
1996,"Myanmar (Burma)","591"
1996,"Namibia","2"
1996,"Nepal","77"
1996,"Niger","14"
1996,"Nigeria","87"
1996,"Pakistan","64"
1996,"Papua New Guinea","106"
1996,"Peru","105"
1996,"Philippines","199"
1996,"Russia (Soviet Union)","2764"
1996,"Rwanda","876"
1996,"Senegal","5"
1996,"Serbia (Yugoslavia)","2"
1996,"Sierra Leone","943"
1996,"Somalia","949"
1996,"South Africa","156"
1996,"Spain","4"
1996,"Sri Lanka","4097"
1996,"Sudan","2735"
1996,"Tajikistan","2797"
1996,"Tanzania","10"
1996,"Thailand","1"
1996,"Turkey","3811"
1996,"Uganda","1798"
1996,"United Kingdom","2"
1996,"Venezuela","33"
1997,"Afghanistan","6721"
1997,"Algeria","2008"
1997,"Angola","105"
1997,"Azerbaijan","29"
1997,"Bangladesh","16"
1997,"Bhutan","4"
1997,"Brazil","41"
1997,"Burundi","4395"
1997,"Cambodia (Kampuchea)","444"
1997,"Canada","2"
1997,"Chad","134"
1997,"China","4"
1997,"Colombia","891"
1997,"Comoros","56"
1997,"Congo","10412"
1997,"Djibouti","11"
1997,"DR Congo (Zaire)","13897"
1997,"Egypt","143"
1997,"Eritrea","31"
1997,"Ethiopia","12"
1997,"Georgia","26"
1997,"Guatemala","2"
1997,"India","1448"
1997,"Indonesia","441"
1997,"Iran","37"
1997,"Iraq","1628"
1997,"Israel","25"
1997,"Kenya","212"
1997,"Laos","2"
1997,"Lebanon","105"
1997,"Liberia","13"
1997,"Mali","22"
1997,"Mexico","58"
1997,"Myanmar (Burma)","788"
1997,"Nepal","48"
1997,"Niger","81"
1997,"Nigeria","595"
1997,"Pakistan","123"
1997,"Papua New Guinea","12"
1997,"Peru","116"
1997,"Philippines","322"
1997,"Russia (Soviet Union)","13"
1997,"Rwanda","7201"
1997,"Senegal","366"
1997,"Serbia (Yugoslavia)","9"
1997,"Sierra Leone","1233"
1997,"Somalia","277"
1997,"South Africa","30"
1997,"Spain","12"
1997,"Sri Lanka","2902"
1997,"Sudan","4872"
1997,"Tajikistan","97"
1997,"Tanzania","3"
1997,"Thailand","7"
1997,"Turkey","2600"
1997,"Uganda","1354"
1997,"United Kingdom","5"
1997,"Venezuela","33"
1998,"Afghanistan","12174"
1998,"Algeria","3284"
1998,"Angola","1191"
1998,"Azerbaijan","34"
1998,"Bangladesh","21"
1998,"Bolivia","2"
1998,"Brazil","16"
1998,"Burundi","1797"
1998,"Cambodia (Kampuchea)","274"
1998,"Cameroon","52"
1998,"Canada","27"
1998,"Chad","198"
1998,"Colombia","1646"
1998,"Comoros","40"
1998,"Congo","3763"
1998,"Djibouti","16"
1998,"DR Congo (Zaire)","7717"
1998,"Egypt","29"
1998,"Eritrea","792"
1998,"Ethiopia","1027"
1998,"Georgia","38"
1998,"Guatemala","1"
1998,"Guinea","12"
1998,"Guinea-Bissau","505"
1998,"India","1623"
1998,"Indonesia","141"
1998,"Iran","13"
1998,"Iraq","96"
1998,"Israel","6"
1998,"Ivory Coast","0"
1998,"Kenya","322"
1998,"Lebanon","85"
1998,"Lesotho","78"
1998,"Liberia","13"
1998,"Mexico","7"
1998,"Myanmar (Burma)","581"
1998,"Nepal","357"
1998,"Niger","147"
1998,"Nigeria","357"
1998,"Pakistan","121"
1998,"Papua New Guinea","40"
1998,"Peru","33"
1998,"Philippines","138"
1998,"Russia (Soviet Union)","7"
1998,"Rwanda","1774"
1998,"Senegal","343"
1998,"Serbia (Yugoslavia)","1446"
1998,"Sierra Leone","5155"
1998,"Somalia","330"
1998,"South Africa","44"
1998,"Spain","7"
1998,"Sri Lanka","3830"
1998,"Sudan","5958"
1998,"Tajikistan","600"
1998,"Thailand","12"
1998,"Togo","9"
1998,"Turkey","2058"
1998,"Uganda","1214"
1998,"United Kingdom","31"
1998,"Venezuela","10"
1998,"Zimbabwe (Rhodesia)","1"
1999,"Afghanistan","5065"
1999,"Albania","26"
1999,"Algeria","1168"
1999,"Angola","2666"
1999,"Azerbaijan","18"
1999,"Bangladesh","14"
1999,"Brazil","86"
1999,"Burundi","1852"
1999,"Cambodia (Kampuchea)","0"
1999,"Canada","11"
1999,"Central African Republic","5"
1999,"Chad","394"
1999,"China","0"
1999,"Colombia","2638"
1999,"Congo","948"
1999,"Djibouti","25"
1999,"DR Congo (Zaire)","7849"
1999,"Egypt","4"
1999,"Eritrea","17203"
1999,"Ethiopia","30786"
1999,"Guinea","13"
1999,"Guinea-Bissau","199"
1999,"Haiti","11"
1999,"Honduras","9"
1999,"India","2563"
1999,"Indonesia","2421"
1999,"Iran","19"
1999,"Iraq","308"
1999,"Israel","2"
1999,"Ivory Coast","0"
1999,"Kenya","229"
1999,"Kyrgyzstan","14"
1999,"Laos","2"
1999,"Lebanon","74"
1999,"Liberia","70"
1999,"Mali","59"
1999,"Myanmar (Burma)","369"
1999,"Namibia","1"
1999,"Nepal","295"
1999,"Nigeria","3519"
1999,"North Macedonia","6"
1999,"Pakistan","57"
1999,"Papua New Guinea","60"
1999,"Peru","89"
1999,"Philippines","219"
1999,"Russia (Soviet Union)","6197"
1999,"Rwanda","29"
1999,"Senegal","31"
1999,"Serbia (Yugoslavia)","2153"
1999,"Sierra Leone","4493"
1999,"Somalia","542"
1999,"South Africa","19"
1999,"Sri Lanka","1948"
1999,"Sudan","2067"
1999,"Tajikistan","4"
1999,"Tanzania","0"
1999,"Thailand","1"
1999,"Turkey","1155"
1999,"Uganda","1024"
1999,"Uzbekistan","50"
1999,"Venezuela","26"
1999,"Zimbabwe (Rhodesia)","1"
2000,"Afghanistan","5394"
2000,"Algeria","1193"
2000,"Angola","1209"
2000,"Azerbaijan","13"
2000,"Bangladesh","105"
2000,"Bolivia","50"
2000,"Brazil","64"
2000,"Burundi","2442"
2000,"Cambodia (Kampuchea)","4"
2000,"Cameroon","2"
2000,"Canada","23"
2000,"Central African Republic","6"
2000,"Chad","1070"
2000,"Colombia","4388"
2000,"DR Congo (Zaire)","3055"
2000,"Egypt","5"
2000,"Eritrea","1793"
2000,"Ethiopia","48666"
2000,"Ghana","30"
2000,"Guatemala","0"
2000,"Guinea","256"
2000,"Guinea-Bissau","0"
2000,"Honduras","6"
2000,"India","4103"
2000,"Indonesia","917"
2000,"Iran","41"
2000,"Iraq","193"
2000,"Israel","109"
2000,"Ivory Coast","132"
2000,"Kenya","261"
2000,"Kyrgyzstan","174"
2000,"Laos","7"
2000,"Lebanon","59"
2000,"Liberia","101"
2000,"Myanmar (Burma)","748"
2000,"Namibia","60"
2000,"Nepal","365"
2000,"Nigeria","2104"
2000,"North Macedonia","3"
2000,"Pakistan","59"
2000,"Papua New Guinea","13"
2000,"Peru","5"
2000,"Philippines","1761"
2000,"Russia (Soviet Union)","4333"
2000,"Senegal","56"
2000,"Sierra Leone","856"
2000,"Somalia","185"
2000,"South Africa","0"
2000,"Spain","20"
2000,"Sri Lanka","2569"
2000,"Sudan","3537"
2000,"Tajikistan","46"
2000,"Thailand","8"
2000,"Turkey","153"
2000,"Uganda","1238"
2000,"United Kingdom","1"
2000,"Uzbekistan","297"
2000,"Venezuela","27"
2000,"Yemen (North Yemen)","19"
2000,"Zambia","1"
2001,"Afghanistan","5553"
2001,"Algeria","674"
2001,"Angola","2158"
2001,"Azerbaijan","6"
2001,"Bangladesh","72"
2001,"Brazil","81"
2001,"Burundi","1634"
2001,"Cameroon","0"
2001,"Canada","1"
2001,"Central African Republic","216"
2001,"Chad","230"
2001,"Colombia","4611"
2001,"Congo","3"
2001,"DR Congo (Zaire)","1490"
2001,"Ecuador","2"
2001,"Ethiopia","388"
2001,"Ghana","50"
2001,"Guatemala","5"
2001,"Guinea","430"
2001,"India","1931"
2001,"Indonesia","884"
2001,"Iran","112"
2001,"Iraq","56"
2001,"Israel","356"
2001,"Ivory Coast","2"
2001,"Jamaica","116"
2001,"Kenya","192"
2001,"Lebanon","4"
2001,"Liberia","481"
2001,"Myanmar (Burma)","387"
2001,"Nepal","569"
2001,"Nigeria","2437"
2001,"North Macedonia","72"
2001,"Pakistan","42"
2001,"Papua New Guinea","65"
2001,"Peru","21"
2001,"Philippines","1053"
2001,"Russia (Soviet Union)","992"
2001,"Rwanda","2044"
2001,"Senegal","47"
2001,"Serbia (Yugoslavia)","0"
2001,"Sierra Leone","73"
2001,"Somalia","483"
2001,"Spain","13"
2001,"Sri Lanka","1162"
2001,"Sudan","3719"
2001,"Tanzania","37"
2001,"Thailand","25"
2001,"Turkey","120"
2001,"Uganda","212"
2001,"United Kingdom","1"
2001,"United States of America","2986"
2001,"Venezuela","27"
2001,"Zambia","7"
2001,"Zimbabwe (Rhodesia)","0"
2002,"Afghanistan","1157"
2002,"Algeria","1058"
2002,"Angola","579"
2002,"Bangladesh","7"
2002,"Brazil","65"
2002,"Burundi","1990"
2002,"Central African Republic","152"
2002,"Chad","297"
2002,"Colombia","6012"
2002,"Congo","234"
2002,"DR Congo (Zaire)","7945"
2002,"Ethiopia","809"
2002,"Georgia","0"
2002,"Ghana","36"
2002,"Guatemala","2"
2002,"Honduras","1"
2002,"India","3031"
2002,"Indonesia","762"
2002,"Iraq","111"
2002,"Israel","892"
2002,"Ivory Coast","1063"
2002,"Jamaica","22"
2002,"Kenya","45"
2002,"Laos","4"
2002,"Lebanon","0"
2002,"Liberia","2259"
2002,"Madagascar (Malagasy)","79"
2002,"Mali","5"
2002,"Mexico","27"
2002,"Myanmar (Burma)","543"
2002,"Namibia","0"
2002,"Nepal","4432"
2002,"Nigeria","629"
2002,"Pakistan","170"
2002,"Papua New Guinea","7"
2002,"Peru","13"
2002,"Philippines","763"
2002,"Russia (Soviet Union)","1508"
2002,"Senegal","45"
2002,"Sierra Leone","1"
2002,"Somalia","638"
2002,"South Africa","2"
2002,"Spain","5"
2002,"Sri Lanka","17"
2002,"Sudan","3207"
2002,"Thailand","23"
2002,"Tunisia","21"
2002,"Turkey","34"
2002,"Uganda","1316"
2002,"United Kingdom","3"
2002,"Venezuela","27"
2002,"Yemen (North Yemen)","2"
2003,"Afghanistan","944"
2003,"Algeria","714"
2003,"Angola","84"
2003,"Bangladesh","8"
2003,"Brazil","51"
2003,"Burundi","1283"
2003,"Cambodia (Kampuchea)","1"
2003,"Central African Republic","19"
2003,"Chad","37"
2003,"Colombia","4678"
2003,"Congo","33"
2003,"DR Congo (Zaire)","4324"
2003,"Ecuador","26"
2003,"Eritrea","57"
2003,"Ethiopia","1093"
2003,"Honduras","40"
2003,"India","2442"
2003,"Indonesia","1069"
2003,"Iran","2"
2003,"Iraq","8021"
2003,"Israel","468"
2003,"Ivory Coast","493"
2003,"Kenya","7"
2003,"Laos","5"
2003,"Lebanon","1"
2003,"Liberia","3281"
2003,"Morocco","34"
2003,"Myanmar (Burma)","272"
2003,"Nepal","1732"
2003,"Nigeria","449"
2003,"Pakistan","242"
2003,"Peru","13"
2003,"Philippines","1134"
2003,"Russia (Soviet Union)","548"
2003,"Saudi Arabia","26"
2003,"Senegal","39"
2003,"Somalia","405"
2003,"Spain","3"
2003,"Sri Lanka","33"
2003,"Sudan","5010"
2003,"Thailand","26"
2003,"Turkey","150"
2003,"Uganda","1628"
2003,"United Kingdom","1"
2003,"Venezuela","25"
2003,"Yemen (North Yemen)","6"
2003,"Zimbabwe (Rhodesia)","0"
2004,"Afghanistan","817"
2004,"Algeria","500"
2004,"Angola","38"
2004,"Azerbaijan","8"
2004,"Bangladesh","75"
2004,"Bhutan","0"
2004,"Brazil","86"
2004,"Burundi","734"
2004,"Cameroon","0"
2004,"Central African Republic","23"
2004,"Chad","80"
2004,"Colombia","3380"
2004,"DR Congo (Zaire)","782"
2004,"Egypt","35"
2004,"El Salvador","34"
2004,"Ethiopia","475"
2004,"Gambia","1"
2004,"Georgia","27"
2004,"Guatemala","1"
2004,"Haiti","231"
2004,"Honduras","30"
2004,"India","2527"
2004,"Indonesia","1082"
2004,"Iraq","4366"
2004,"Israel","522"
2004,"Ivory Coast","304"
2004,"Kenya","20"
2004,"Laos","4"
2004,"Mali","20"
2004,"Mexico","220"
2004,"Mozambique","1"
2004,"Myanmar (Burma)","177"
2004,"Nepal","2456"
2004,"Niger","4"
2004,"Nigeria","2136"
2004,"Pakistan","430"
2004,"Peru","3"
2004,"Philippines","471"
2004,"Qatar","0"
2004,"Russia (Soviet Union)","1317"
2004,"Rwanda","16"
2004,"Saudi Arabia","91"
2004,"Senegal","3"
2004,"Somalia","670"
2004,"South Africa","0"
2004,"Spain","191"
2004,"Sri Lanka","84"
2004,"Sudan","9712"
2004,"Syria","8"
2004,"Thailand","310"
2004,"Turkey","221"
2004,"Uganda","2004"
2004,"United Kingdom","1"
2004,"Uzbekistan","37"
2004,"Venezuela","31"
2004,"Yemen (North Yemen)","29"
2005,"Afghanistan","1711"
2005,"Algeria","232"
2005,"Angola","15"
2005,"Armenia","1"
2005,"Azerbaijan","24"
2005,"Bangladesh","80"
2005,"Brazil","60"
2005,"Burundi","485"
2005,"Cameroon","0"
2005,"Central African Republic","8"
2005,"Chad","267"
2005,"China","12"
2005,"Colombia","2888"
2005,"Congo","15"
2005,"DR Congo (Zaire)","305"
2005,"Ecuador","3"
2005,"Egypt","124"
2005,"Ethiopia","290"
2005,"Gambia","8"
2005,"Guatemala","58"
2005,"Guinea","3"
2005,"Haiti","40"
2005,"India","2015"
2005,"Indonesia","242"
2005,"Iran","54"
2005,"Iraq","3521"
2005,"Israel","214"
2005,"Ivory Coast","153"
2005,"Jordan","59"
2005,"Kenya","215"
2005,"Lebanon","3"
2005,"Mali","12"
2005,"Mexico","204"
2005,"Mozambique","13"
2005,"Myanmar (Burma)","449"
2005,"Nepal","1399"
2005,"Nigeria","233"
2005,"Pakistan","168"
2005,"Peru","0"
2005,"Philippines","487"
2005,"Russia (Soviet Union)","688"
2005,"Saudi Arabia","31"
2005,"Senegal","46"
2005,"Somalia","340"
2005,"Sri Lanka","130"
2005,"Sudan","1505"
2005,"Tajikistan","1"
2005,"Thailand","494"
2005,"Togo","436"
2005,"Turkey","295"
2005,"Uganda","922"
2005,"United Kingdom","53"
2005,"Venezuela","30"
2006,"Afghanistan","4982"
2006,"Algeria","292"
2006,"Angola","3"
2006,"Armenia","2"
2006,"Azerbaijan","5"
2006,"Bangladesh","96"
2006,"Brazil","23"
2006,"Burundi","251"
2006,"Central African Republic","190"
2006,"Chad","1956"
2006,"Colombia","945"
2006,"DR Congo (Zaire)","390"
2006,"Ecuador","2"
2006,"Egypt","2"
2006,"Ethiopia","430"
2006,"Guinea","15"
2006,"India","2155"
2006,"Indonesia","13"
2006,"Iran","61"
2006,"Iraq","4598"
2006,"Israel","557"
2006,"Ivory Coast","11"
2006,"Kenya","219"
2006,"Kyrgyzstan","6"
2006,"Laos","73"
2006,"Lebanon","1194"
2006,"Mexico","670"
2006,"Myanmar (Burma)","452"
2006,"Nepal","566"
2006,"Nigeria","231"
2006,"Pakistan","427"
2006,"Peru","11"
2006,"Philippines","434"
2006,"Russia (Soviet Union)","260"
2006,"Saudi Arabia","11"
2006,"Senegal","126"
2006,"Somalia","1204"
2006,"Sri Lanka","2173"
2006,"Sudan","2187"
2006,"Tajikistan","8"
2006,"Thailand","541"
2006,"Turkey","226"
2006,"Uganda","334"
2006,"United Kingdom","0"
2006,"Venezuela","22"
2007,"Afghanistan","7037"
2007,"Algeria","495"
2007,"Angola","26"
2007,"Azerbaijan","12"
2007,"Bangladesh","18"
2007,"Brazil","40"
2007,"Burundi","79"
2007,"Cambodia (Kampuchea)","2"
2007,"Central African Republic","143"
2007,"Chad","431"
2007,"China","0"
2007,"Colombia","683"
2007,"Congo","2"
2007,"DR Congo (Zaire)","879"
2007,"Ecuador","2"
2007,"Ethiopia","500"
2007,"France","2"
2007,"Guatemala","6"
2007,"Guinea","45"
2007,"India","1775"
2007,"Indonesia","2"
2007,"Iran","86"
2007,"Iraq","4489"
2007,"Israel","538"
2007,"Ivory Coast","3"
2007,"Kenya","200"
2007,"Mali","39"
2007,"Mauritania","4"
2007,"Mexico","1946"
2007,"Myanmar (Burma)","704"
2007,"Nepal","31"
2007,"Niger","98"
2007,"Nigeria","157"
2007,"Pakistan","1380"
2007,"Peru","32"
2007,"Philippines","483"
2007,"Russia (Soviet Union)","182"
2007,"Saudi Arabia","2"
2007,"Somalia","1620"
2007,"Sri Lanka","2564"
2007,"Sudan","1180"
2007,"Tanzania","3"
2007,"Thailand","518"
2007,"Turkey","502"
2007,"Uganda","156"
2007,"Venezuela","17"
2007,"Zimbabwe (Rhodesia)","0"
2008,"Afghanistan","5661"
2008,"Algeria","345"
2008,"Angola","4"
2008,"Azerbaijan","30"
2008,"Bangladesh","13"
2008,"Brazil","20"
2008,"Burundi","257"
2008,"Cambodia (Kampuchea)","2"
2008,"Cameroon","0"
2008,"Central African Republic","8"
2008,"Chad","994"
2008,"China","87"
2008,"Colombia","643"
2008,"Congo","1"
2008,"Djibouti","35"
2008,"DR Congo (Zaire)","1740"
2008,"Ecuador","53"
2008,"Egypt","2"
2008,"Eritrea","0"
2008,"Ethiopia","311"
2008,"Georgia","621"
2008,"Ghana","55"
2008,"Guatemala","41"
2008,"Guyana","29"
2008,"India","1863"
2008,"Indonesia","6"
2008,"Iran","118"
2008,"Iraq","2765"
2008,"Israel","738"
2008,"Ivory Coast","4"
2008,"Kenya","783"
2008,"Lebanon","38"
2008,"Libya","6"
2008,"Mali","113"
2008,"Mauritania","12"
2008,"Mexico","3743"
2008,"Myanmar (Burma)","102"
2008,"Nepal","0"
2008,"Niger","68"
2008,"Nigeria","432"
2008,"Pakistan","4621"
2008,"Peru","40"
2008,"Philippines","566"
2008,"Russia (Soviet Union)","410"
2008,"Senegal","11"
2008,"Somalia","1751"
2008,"Spain","2"
2008,"Sri Lanka","8453"
2008,"Sudan","1241"
2008,"Syria","1"
2008,"Thailand","328"
2008,"Turkey","491"
2008,"Uganda","32"
2008,"Venezuela","27"
2008,"Yemen (North Yemen)","21"
2008,"Zimbabwe (Rhodesia)","253"
2009,"Afghanistan","6499"
2009,"Algeria","541"
2009,"Angola","25"
2009,"Azerbaijan","7"
2009,"Bangladesh","10"
2009,"Brazil","40"
2009,"Burundi","0"
2009,"Cambodia (Kampuchea)","2"
2009,"Cameroon","0"
2009,"Central African Republic","244"
2009,"Chad","135"
2009,"China","189"
2009,"Colombia","501"
2009,"DR Congo (Zaire)","5308"
2009,"Egypt","1"
2009,"El Salvador","5"
2009,"Ethiopia","590"
2009,"Ghana","8"
2009,"Guatemala","1"
2009,"Guinea","160"
2009,"India","1621"
2009,"Iran","208"
2009,"Iraq","1720"
2009,"Israel","751"
2009,"Ivory Coast","1"
2009,"Kenya","170"
2009,"Madagascar (Malagasy)","113"
2009,"Mali","127"
2009,"Mauritania","1"
2009,"Mexico","5607"
2009,"Myanmar (Burma)","225"
2009,"Nepal","9"
2009,"Nigeria","533"
2009,"Pakistan","7512"
2009,"Panama","1"
2009,"Peru","54"
2009,"Philippines","1048"
2009,"Russia (Soviet Union)","698"
2009,"Rwanda","2"
2009,"Senegal","19"
2009,"Somalia","2204"
2009,"Spain","3"
2009,"Sri Lanka","10418"
2009,"Sudan","2689"
2009,"Tajikistan","17"
2009,"Thailand","258"
2009,"Turkey","138"
2009,"Uganda","59"
2009,"United Kingdom","2"
2009,"Uzbekistan","16"
2009,"Venezuela","27"
2009,"Yemen (North Yemen)","94"
2009,"Zimbabwe (Rhodesia)","0"
2010,"Afghanistan","7151"
2010,"Algeria","252"
2010,"Angola","10"
2010,"Azerbaijan","20"
2010,"Bangladesh","5"
2010,"Brazil","4"
2010,"Central African Republic","148"
2010,"Chad","4"
2010,"Colombia","442"
2010,"DR Congo (Zaire)","1088"
2010,"Egypt","1"
2010,"El Salvador","2"
2010,"Ethiopia","152"
2010,"Georgia","3"
2010,"Ghana","1"
2010,"Guinea","1"
2010,"Honduras","44"
2010,"India","1633"
2010,"Iran","101"
2010,"Iraq","1857"
2010,"Israel","75"
2010,"Ivory Coast","80"
2010,"Kenya","87"
2010,"Kyrgyzstan","44"
2010,"Mali","28"
2010,"Mauritania","1"
2010,"Mexico","6215"
2010,"Mozambique","7"
2010,"Myanmar (Burma)","185"
2010,"Nigeria","980"
2010,"Pakistan","7251"
2010,"Peru","29"
2010,"Philippines","372"
2010,"Russia (Soviet Union)","481"
2010,"Senegal","19"
2010,"Somalia","2722"
2010,"South Africa","1"
2010,"Sudan","1790"
2010,"Tajikistan","98"
2010,"Thailand","221"
2010,"Turkey","234"
2010,"Uganda","74"
2010,"United Arab Emirates","1"
2010,"United States of America","2"
2010,"Venezuela","23"
2010,"Yemen (North Yemen)","201"
2011,"Afghanistan","7563"
2011,"Algeria","276"
2011,"Angola","1"
2011,"Azerbaijan","21"
2011,"Bahrain","26"
2011,"Bangladesh","0"
2011,"Brazil","34"
2011,"Burundi","4"
2011,"Cambodia (Kampuchea)","10"
2011,"Central African Republic","195"
2011,"Colombia","227"
2011,"Congo","1"
2011,"DR Congo (Zaire)","552"
2011,"Egypt","31"
2011,"Ethiopia","66"
2011,"Georgia","0"
2011,"Guatemala","36"
2011,"Guinea","25"
2011,"India","798"
2011,"Indonesia","9"
2011,"Iran","220"
2011,"Iraq","1365"
2011,"Israel","102"
2011,"Ivory Coast","1256"
2011,"Kenya","144"
2011,"Lebanon","4"
2011,"Libya","3914"
2011,"Mali","23"
2011,"Mauritania","13"
2011,"Mexico","4945"
2011,"Morocco","17"
2011,"Myanmar (Burma)","811"
2011,"Nigeria","1831"
2011,"Pakistan","3475"
2011,"Peru","15"
2011,"Philippines","414"
2011,"Russia (Soviet Union)","396"
2011,"Rwanda","0"
2011,"Senegal","37"
2011,"Somalia","2118"
2011,"South Sudan","1194"
2011,"Sri Lanka","2"
2011,"Sudan","2567"
2011,"Syria","4347"
2011,"Tajikistan","28"
2011,"Thailand","277"
2011,"Tunisia","8"
2011,"Turkey","410"
2011,"United Kingdom","1"
2011,"Venezuela","11"
2011,"Yemen (North Yemen)","1430"
2011,"Zimbabwe (Rhodesia)","1"
2012,"Afghanistan","7783"
2012,"Algeria","264"
2012,"Armenia","9"
2012,"Azerbaijan","16"
2012,"Bangladesh","2"
2012,"Brazil","275"
2012,"Burundi","14"
2012,"Cambodia (Kampuchea)","1"
2012,"Central African Republic","132"
2012,"Colombia","227"
2012,"Congo","2"
2012,"DR Congo (Zaire)","1838"
2012,"Egypt","75"
2012,"Ethiopia","391"
2012,"France","4"
2012,"Gambia","1"
2012,"Guinea","9"
2012,"Honduras","18"
2012,"India","801"
2012,"Indonesia","1"
2012,"Iran","17"
2012,"Iraq","1407"
2012,"Israel","253"
2012,"Ivory Coast","21"
2012,"Kenya","309"
2012,"Lebanon","53"
2012,"Libya","378"
2012,"Madagascar (Malagasy)","15"
2012,"Mali","359"
2012,"Mauritania","1"
2012,"Mexico","5966"
2012,"Mozambique","2"
2012,"Myanmar (Burma)","971"
2012,"Niger","1"
2012,"Nigeria","2022"
2012,"Pakistan","3583"
2012,"Papua New Guinea","57"
2012,"Philippines","311"
2012,"Russia (Soviet Union)","525"
2012,"Rwanda","13"
2012,"Senegal","23"
2012,"Somalia","2989"
2012,"South Sudan","864"
2012,"Sudan","1525"
2012,"Syria","53699"
2012,"Tanzania","1"
2012,"Thailand","244"
2012,"Tunisia","3"
2012,"Turkey","789"
2012,"Venezuela","33"
2012,"Yemen (North Yemen)","2461"
2012,"Zimbabwe (Rhodesia)","1"
2013,"Afghanistan","8131"
2013,"Algeria","222"
2013,"Angola","2"
2013,"Armenia","1"
2013,"Azerbaijan","11"
2013,"Bangladesh","54"
2013,"Brazil","28"
2013,"Burundi","16"
2013,"Cameroon","1"
2013,"Central African Republic","3396"
2013,"Colombia","140"
2013,"DR Congo (Zaire)","2197"
2013,"Egypt","135"
2013,"Ethiopia","88"
2013,"Guinea","98"
2013,"Honduras","6"
2013,"India","702"
2013,"Indonesia","20"
2013,"Iran","11"
2013,"Iraq","4010"
2013,"Israel","12"
2013,"Ivory Coast","4"
2013,"Kenya","267"
2013,"Lebanon","179"
2013,"Libya","36"
2013,"Malaysia","70"
2013,"Mali","881"
2013,"Mexico","4478"
2013,"Mozambique","45"
2013,"Myanmar (Burma)","358"
2013,"Niger","31"
2013,"Nigeria","3391"
2013,"Pakistan","2914"
2013,"Peru","3"
2013,"Philippines","537"
2013,"Russia (Soviet Union)","365"
2013,"Rwanda","4"
2013,"Senegal","8"
2013,"Somalia","1045"
2013,"South Sudan","1827"
2013,"Sri Lanka","5"
2013,"Sudan","1959"
2013,"Syria","76500"
2013,"Tajikistan","3"
2013,"Thailand","249"
2013,"Tunisia","29"
2013,"Turkey","75"
2013,"Venezuela","9"
2013,"Yemen (North Yemen)","578"
2014,"Afghanistan","12549"
2014,"Algeria","111"
2014,"Angola","0"
2014,"Azerbaijan","46"
2014,"Bangladesh","2"
2014,"Brazil","4"
2014,"Burundi","61"
2014,"Cameroon","1047"
2014,"Central African Republic","3493"
2014,"Chad","16"
2014,"Colombia","157"
2014,"Djibouti","1"
2014,"DR Congo (Zaire)","1624"
2014,"Egypt","249"
2014,"Ethiopia","139"
2014,"Honduras","21"
2014,"India","734"
2014,"Indonesia","12"
2014,"Iran","5"
2014,"Iraq","16437"
2014,"Israel","2411"
2014,"Kenya","344"
2014,"Lebanon","231"
2014,"Libya","1455"
2014,"Mali","291"
2014,"Mexico","3357"
2014,"Mozambique","33"
2014,"Myanmar (Burma)","256"
2014,"Niger","5"
2014,"Nigeria","10346"
2014,"Pakistan","3639"
2014,"Peru","14"
2014,"Philippines","484"
2014,"Russia (Soviet Union)","176"
2014,"Somalia","1247"
2014,"South Sudan","2491"
2014,"Sudan","1912"
2014,"Syria","78689"
2014,"Tajikistan","3"
2014,"Tanzania","10"
2014,"Thailand","100"
2014,"Tunisia","51"
2014,"Turkey","11"
2014,"Uganda","7"
2014,"Ukraine","4946"
2014,"Venezuela","49"
2014,"Yemen (North Yemen)","2364"
2015,"Afghanistan","18018"
2015,"Algeria","110"
2015,"Angola","1"
2015,"Armenia","16"
2015,"Azerbaijan","63"
2015,"Bangladesh","10"
2015,"Brazil","83"
2015,"Burundi","265"
2015,"Cameroon","1263"
2015,"Central African Republic","745"
2015,"Chad","397"
2015,"China","5"
2015,"Colombia","144"
2015,"Congo","0"
2015,"DR Congo (Zaire)","737"
2015,"Egypt","991"
2015,"El Salvador","1"
2015,"Ethiopia","307"
2015,"France","133"
2015,"Guatemala","24"
2015,"Guinea","3"
2015,"Honduras","71"
2015,"India","622"
2015,"Indonesia","4"
2015,"Iran","25"
2015,"Iraq","11304"
2015,"Israel","16"
2015,"Jordan","1"
2015,"Kenya","389"
2015,"Kuwait","26"
2015,"Kyrgyzstan","1"
2015,"Lebanon","200"
2015,"Libya","1594"
2015,"Mali","256"
2015,"Mexico","4527"
2015,"Myanmar (Burma)","705"
2015,"Netherlands","0"
2015,"Niger","533"
2015,"Nigeria","9121"
2015,"Pakistan","2454"
2015,"Peru","9"
2015,"Philippines","628"
2015,"Russia (Soviet Union)","86"
2015,"Saudi Arabia","113"
2015,"Somalia","1254"
2015,"South Africa","0"
2015,"South Sudan","1137"
2015,"Sudan","2558"
2015,"Syria","59609"
2015,"Thailand","84"
2015,"Tunisia","137"
2015,"Turkey","1061"
2015,"Ukraine","1894"
2015,"United States of America","14"
2015,"Venezuela","32"
2015,"Yemen (North Yemen)","8125"
2016,"Afghanistan","19025"
2016,"Algeria","89"
2016,"Angola","26"
2016,"Armenia","4"
2016,"Azerbaijan","137"
2016,"Bangladesh","73"
2016,"Belgium","34"
2016,"Brazil","156"
2016,"Burkina Faso","26"
2016,"Burundi","93"
2016,"Cameroon","491"
2016,"Central African Republic","688"
2016,"Chad","26"
2016,"Colombia","85"
2016,"Congo","73"
2016,"DR Congo (Zaire)","2194"
2016,"Egypt","404"
2016,"Eritrea","25"
2016,"Ethiopia","529"
2016,"France","87"
2016,"Germany","12"
2016,"Guatemala","2"
2016,"Honduras","10"
2016,"India","762"
2016,"Iran","69"
2016,"Iraq","12025"
2016,"Israel","11"
2016,"Ivory Coast","49"
2016,"Jordan","37"
2016,"Kenya","130"
2016,"Lebanon","56"
2016,"Libya","2349"
2016,"Mali","198"
2016,"Mexico","4306"
2016,"Mozambique","68"
2016,"Myanmar (Burma)","183"
2016,"Niger","299"
2016,"Nigeria","3949"
2016,"Pakistan","1100"
2016,"Paraguay","1"
2016,"Peru","11"
2016,"Philippines","616"
2016,"Russia (Soviet Union)","78"
2016,"Rwanda","27"
2016,"Saudi Arabia","125"
2016,"Somalia","2073"
2016,"South Africa","3"
2016,"South Sudan","1303"
2016,"Sudan","1997"
2016,"Syria","53891"
2016,"Thailand","69"
2016,"Tunisia","88"
2016,"Turkey","1561"
2016,"Uganda","30"
2016,"Ukraine","699"
2016,"Venezuela","60"
2016,"Yemen (North Yemen)","4027"
2017,"Afghanistan","19784"
2017,"Algeria","77"
2017,"Angola","26"
2017,"Azerbaijan","36"
2017,"Bangladesh","48"
2017,"Brazil","3062"
2017,"Burkina Faso","54"
2017,"Burundi","43"
2017,"Cameroon","410"
2017,"Central African Republic","1865"
2017,"Chad","91"
2017,"China","6"
2017,"Colombia","107"
2017,"Congo","20"
2017,"DR Congo (Zaire)","5975"
2017,"Egypt","902"
2017,"El Salvador","1"
2017,"Ethiopia","488"
2017,"France","2"
2017,"Haiti","8"
2017,"India","847"
2017,"Indonesia","2"
2017,"Iran","58"
2017,"Iraq","11417"
2017,"Israel","25"
2017,"Kenya","228"
2017,"Lebanon","297"
2017,"Libya","1096"
2017,"Madagascar (Malagasy)","1"
2017,"Malaysia","1"
2017,"Mali","612"
2017,"Mexico","9725"
2017,"Mozambique","3"
2017,"Myanmar (Burma)","2395"
2017,"Niger","248"
2017,"Nigeria","3589"
2017,"Pakistan","960"
2017,"Peru","7"
2017,"Philippines","1713"
2017,"Russia (Soviet Union)","53"
2017,"Rwanda","10"
2017,"Saudi Arabia","45"
2017,"Somalia","2071"
2017,"South Sudan","1271"
2017,"Spain","16"
2017,"Sri Lanka","1"
2017,"Sudan","548"
2017,"Sweden","5"
2017,"Syria","38517"
2017,"Tanzania","1"
2017,"Thailand","50"
2017,"Tunisia","15"
2017,"Turkey","462"
2017,"Uganda","0"
2017,"Ukraine","447"
2017,"United States of America","8"
2017,"Venezuela","76"
2017,"Yemen (North Yemen)","3620"
2018,"Afghanistan","26895"
2018,"Algeria","35"
2018,"Angola","24"
2018,"Armenia","1"
2018,"Australia","2"
2018,"Azerbaijan","16"
2018,"Bangladesh","28"
2018,"Belgium","4"
2018,"Brazil","2662"
2018,"Burkina Faso","195"
2018,"Burundi","116"
2018,"Cameroon","1013"
2018,"Central African Republic","640"
2018,"Chad","168"
2018,"Colombia","253"
2018,"Djibouti","6"
2018,"DR Congo (Zaire)","3147"
2018,"Egypt","692"
2018,"Ethiopia","713"
2018,"France","13"
2018,"Haiti","71"
2018,"Honduras","2"
2018,"India","952"
2018,"Indonesia","37"
2018,"Iran","92"
2018,"Iraq","1448"
2018,"Israel","75"
2018,"Kenya","164"
2018,"Lebanon","2"
2018,"Libya","670"
2018,"Mali","1281"
2018,"Mexico","11247"
2018,"Mozambique","171"
2018,"Myanmar (Burma)","122"
2018,"Niger","181"
2018,"Nigeria","3243"
2018,"Pakistan","483"
2018,"Paraguay","1"
2018,"Philippines","436"
2018,"Russia (Soviet Union)","38"
2018,"Rwanda","18"
2018,"Saudi Arabia","11"
2018,"Senegal","1"
2018,"Somalia","2507"
2018,"South Africa","12"
2018,"South Sudan","1229"
2018,"Sudan","432"
2018,"Syria","21730"
2018,"Tajikistan","56"
2018,"Tanzania","1"
2018,"Thailand","61"
2018,"Tunisia","25"
2018,"Turkey","461"
2018,"Uganda","2"
2018,"Ukraine","243"
2018,"United States of America","1"
2018,"Venezuela","94"
2018,"Yemen (North Yemen)","4996"
2018,"Zimbabwe (Rhodesia)","4"
2019,"Afghanistan","30435"
2019,"Algeria","15"
2019,"Angola","26"
2019,"Armenia","2"
2019,"Azerbaijan","9"
2019,"Bangladesh","3"
2019,"Benin","1"
2019,"Brazil","1731"
2019,"Burkina Faso","1246"
2019,"Burundi","75"
2019,"Cameroon","868"
2019,"Central African Republic","501"
2019,"Chad","253"
2019,"Colombia","219"
2019,"Congo","0"
2019,"DR Congo (Zaire)","2529"
2019,"Ecuador","2"
2019,"Egypt","664"
2019,"El Salvador","1"
2019,"Ethiopia","425"
2019,"Guinea","1"
2019,"Haiti","1"
2019,"Honduras","40"
2019,"India","734"
2019,"Indonesia","41"
2019,"Iran","313"
2019,"Iraq","960"
2019,"Israel","83"
2019,"Kenya","188"
2019,"Kingdom of eSwatini (Swaziland)","1"
2019,"Liberia","1"
2019,"Libya","1786"
2019,"Madagascar (Malagasy)","3"
2019,"Mali","1227"
2019,"Mauritania","1"
2019,"Mexico","10486"
2019,"Mozambique","597"
2019,"Myanmar (Burma)","587"
2019,"Niger","454"
2019,"Nigeria","2455"
2019,"Pakistan","293"
2019,"Papua New Guinea","30"
2019,"Peru","2"
2019,"Philippines","364"
2019,"Russia (Soviet Union)","26"
2019,"Rwanda","19"
2019,"Saudi Arabia","6"
2019,"Somalia","2219"
2019,"South Africa","8"
2019,"South Sudan","642"
2019,"Sri Lanka","255"
2019,"Sudan","435"
2019,"Syria","11208"
2019,"Tajikistan","53"
2019,"Tanzania","8"
2019,"Thailand","60"
2019,"Togo","1"
2019,"Tunisia","20"
2019,"Turkey","311"
2019,"Uganda","2"
2019,"Ukraine","311"
2019,"United Kingdom","4"
2019,"United States of America","4"
2019,"Venezuela","83"
2019,"Yemen (North Yemen)","2959"
2019,"Zimbabwe (Rhodesia)","8"
2020,"Afghanistan","20834"
2020,"Algeria","28"
2020,"Angola","29"
2020,"Armenia","10"
2020,"Austria","4"
2020,"Azerbaijan","7636"
2020,"Bangladesh","5"
2020,"Benin","1"
2020,"Brazil","2670"
2020,"Burkina Faso","1167"
2020,"Burundi","145"
2020,"Cameroon","792"
2020,"Central African Republic","299"
2020,"Chad","249"
2020,"Colombia","196"
2020,"Congo","0"
2020,"DR Congo (Zaire)","4008"
2020,"Ecuador","11"
2020,"Egypt","547"
2020,"Ethiopia","24429"
2020,"Guinea","49"
2020,"Haiti","166"
2020,"Honduras","1"
2020,"India","754"
2020,"Indonesia","35"
2020,"Iran","246"
2020,"Iraq","945"
2020,"Israel","8"
2020,"Ivory Coast","3"
2020,"Kenya","151"
2020,"Kingdom of eSwatini (Swaziland)","2"
2020,"Lebanon","20"
2020,"Liberia","2"
2020,"Libya","690"
2020,"Madagascar (Malagasy)","23"
2020,"Mali","1543"
2020,"Mauritania","0"
2020,"Mexico","13431"
2020,"Morocco","2"
2020,"Mozambique","1627"
2020,"Myanmar (Burma)","207"
2020,"Niger","820"
2020,"Nigeria","3079"
2020,"Pakistan","409"
2020,"Paraguay","1"
2020,"Peru","11"
2020,"Philippines","376"
2020,"Russia (Soviet Union)","33"
2020,"Saudi Arabia","0"
2020,"Senegal","0"
2020,"Somalia","2120"
2020,"South Africa","29"
2020,"South Sudan","748"
2020,"Sudan","627"
2020,"Syria","5690"
2020,"Tanzania","44"
2020,"Thailand","47"
2020,"Tunisia","12"
2020,"Turkey","226"
2020,"Ukraine","196"
2020,"Venezuela","5"
2020,"Yemen (North Yemen)","6754"
2020,"Zimbabwe (Rhodesia)","2"
2021,"Afghanistan","36386"
2021,"Algeria","18"
2021,"Angola","13"
2021,"Armenia","10"
2021,"Azerbaijan","30"
2021,"Bangladesh","2"
2021,"Benin","11"
2021,"Bolivia","1"
2021,"Brazil","2661"
2021,"Burkina Faso","1458"
2021,"Burundi","81"
2021,"Cameroon","827"
2021,"Central African Republic","1080"
2021,"Chad","667"
2021,"Colombia","291"
2021,"Djibouti","3"
2021,"DR Congo (Zaire)","3723"
2021,"Ecuador","291"
2021,"Egypt","124"
2021,"El Salvador","9"
2021,"Ethiopia","129516"
2021,"Guatemala","1"
2021,"Guinea","1"
2021,"Haiti","140"
2021,"Honduras","10"
2021,"India","521"
2021,"Indonesia","68"
2021,"Iran","82"
2021,"Iraq","1014"
2021,"Israel","280"
2021,"Kenya","135"
2021,"Kingdom of eSwatini (Swaziland)","48"
2021,"Kyrgyzstan","40"
2021,"Libya","12"
2021,"Mali","1287"
2021,"Mexico","15119"
2021,"Morocco","6"
2021,"Mozambique","1918"
2021,"Myanmar (Burma)","1781"
2021,"Niger","1130"
2021,"Nigeria","3171"
2021,"Pakistan","452"
2021,"Papua New Guinea","38"
2021,"Paraguay","4"
2021,"Peru","20"
2021,"Philippines","310"
2021,"Russia (Soviet Union)","2"
2021,"Rwanda","7"
2021,"Saudi Arabia","6"
2021,"Senegal","0"
2021,"Sierra Leone","1"
2021,"Somalia","2269"
2021,"South Africa","123"
2021,"South Sudan","891"
2021,"Sudan","862"
2021,"Syria","1948"
2021,"Tajikistan","16"
2021,"Tanzania","26"
2021,"Thailand","41"
2021,"Tunisia","18"
2021,"Turkey","132"
2021,"Uganda","23"
2021,"Ukraine","208"
2021,"Venezuela","20"
2021,"Yemen (North Yemen)","23463"
2022,"Afghanistan","1574"
2022,"Algeria","14"
2022,"Angola","21"
2022,"Armenia","154"
2022,"Azerbaijan","154"
2022,"Bangladesh","13"
2022,"Benin","30"
2022,"Brazil","1703"
2022,"Burkina Faso","2704"
2022,"Burundi","48"
2022,"Cameroon","667"
2022,"Central African Republic","773"
2022,"Chad","114"
2022,"Colombia","360"
2022,"Congo","3"
2022,"DR Congo (Zaire)","5967"
2022,"Ecuador","118"
2022,"Egypt","236"
2022,"El Salvador","88"
2022,"Eritrea","4"
2022,"Ethiopia","165025"
2022,"Ghana","16"
2022,"Guatemala","13"
2022,"Haiti","236"
2022,"Honduras","6"
2022,"India","393"
2022,"Indonesia","64"
2022,"Iran","251"
2022,"Iraq","1027"
2022,"Israel","98"
2022,"Kenya","101"
2022,"Kingdom of eSwatini (Swaziland)","2"
2022,"Kyrgyzstan","68"
2022,"Libya","13"
2022,"Mali","3656"
2022,"Mexico","12555"
2022,"Morocco","14"
2022,"Mozambique","717"
2022,"Myanmar (Burma)","2761"
2022,"Nepal","1"
2022,"Niger","664"
2022,"Nigeria","2917"
2022,"Pakistan","719"
2022,"Papua New Guinea","109"
2022,"Peru","14"
2022,"Philippines","247"
2022,"Poland","2"
2022,"Russia (Soviet Union)","67"
2022,"Rwanda","8"
2022,"Somalia","3115"
2022,"South Africa","4"
2022,"South Sudan","728"
2022,"Sudan","1407"
2022,"Syria","1671"
2022,"Tajikistan","87"
2022,"Tanzania","4"
2022,"Thailand","36"
2022,"Togo","62"
2022,"Tunisia","3"
2022,"Turkey","107"
2022,"Uganda","25"
2022,"Ukraine","92615"
2022,"United Arab Emirates","3"
2022,"United States of America","1"
2022,"Venezuela","39"
2022,"Yemen (North Yemen)","3220"
2023,"Afghanistan","360"
2023,"Algeria","1"
2023,"Angola","0"
2023,"Armenia","20"
2023,"Azerbaijan","442"
2023,"Bangladesh","12"
2023,"Belgium","2"
2023,"Benin","46"
2023,"Bolivia","1"
2023,"Brazil","2481"
2023,"Burkina Faso","6122"
2023,"Burundi","125"
2023,"Cameroon","638"
2023,"Central African Republic","423"
2023,"Chad","112"
2023,"China","1"
2023,"Colombia","534"
2023,"DR Congo (Zaire)","3936"
2023,"Ecuador","540"
2023,"Egypt","6"
2023,"Ethiopia","2346"
2023,"France","48"
2023,"Georgia","1"
2023,"Ghana","15"
2023,"Guatemala","10"
2023,"Haiti","454"
2023,"Honduras","105"
2023,"India","406"
2023,"Indonesia","94"
2023,"Iran","43"
2023,"Iraq","498"
2023,"Israel","27434"
2023,"Kenya","224"
2023,"Kingdom of eSwatini (Swaziland)","3"
2023,"Lebanon","123"
2023,"Libya","2"
2023,"Mali","2118"
2023,"Mauritania","6"
2023,"Mexico","10899"
2023,"Morocco","5"
2023,"Mozambique","271"
2023,"Myanmar (Burma)","3065"
2023,"Niger","513"
2023,"Nigeria","3971"
2023,"Pakistan","1178"
2023,"Papua New Guinea","1"
2023,"Peru","12"
2023,"Philippines","269"
2023,"Russia (Soviet Union)","204"
2023,"Saudi Arabia","9"
2023,"Somalia","4216"
2023,"South Africa","5"
2023,"South Sudan","224"
2023,"Spain","2"
2023,"Sudan","7837"
2023,"Syria","2187"
2023,"Thailand","31"
2023,"Togo","76"
2023,"Tunisia","3"
2023,"Turkey","108"
2023,"Uganda","79"
2023,"Ukraine","75393"
2023,"Venezuela","16"
2023,"Yemen (North Yemen)","931"
2024,"Afghanistan","353"
2024,"Algeria","3"
2024,"Angola","25"
2024,"Bangladesh","374"
2024,"Benin","85"
2024,"Brazil","1635"
2024,"Burkina Faso","4251"
2024,"Burundi","70"
2024,"Cameroon","421"
2024,"Central African Republic","485"
2024,"Chad","195"
2024,"Colombia","664"
2024,"DR Congo (Zaire)","5409"
2024,"Ecuador","328"
2024,"Ethiopia","4072"
2024,"France","3"
2024,"Gambia","1"
2024,"Germany","3"
2024,"Ghana","7"
2024,"Guatemala","29"
2024,"Haiti","1294"
2024,"Honduras","5"
2024,"India","552"
2024,"Indonesia","77"
2024,"Iran","222"
2024,"Iraq","409"
2024,"Israel","21476"
2024,"Jordan","3"
2024,"Kenya","112"
2024,"Lebanon","4339"
2024,"Liberia","1"
2024,"Libya","2"
2024,"Mali","1901"
2024,"Mauritania","3"
2024,"Mexico","11022"
2024,"Morocco","7"
2024,"Mozambique","522"
2024,"Myanmar (Burma)","2896"
2024,"Niger","1222"
2024,"Nigeria","3170"
2024,"Pakistan","1885"
2024,"Papua New Guinea","135"
2024,"Philippines","204"
2024,"Russia (Soviet Union)","7819"
2024,"Rwanda","1"
2024,"Somalia","2514"
2024,"South Africa","2"
2024,"South Sudan","697"
2024,"Sudan","7103"
2024,"Syria","3616"
2024,"Tanzania","6"
2024,"Thailand","40"
2024,"Togo","68"
2024,"Turkey","43"
2024,"Uganda","1"
2024,"Ukraine","68116"
2024,"Venezuela","12"
2024,"Yemen (North Yemen)","990"
